Kode Buku,Judul,Penulis,Kategori,Tahun,Status
BK-00001,Seni Berbicara Edisi Kemas Kini,Khairul Anwar,Perniagaan,2007,Tersedia
BK-00002,Seni Berbicara Abadi,Lim Wei Keat,Gaya Hidup,2001,Tersedia
BK-00003,Bulan di Atas Kampus Mulia,Syarifah Sakinah,Misteri,2000,Diselenggara
BK-00004,Meniti Bukit Harapan Siri 5,Nurul Huda,Puisi,2018,Dipinjam
BK-00005,Rahsia Sukses Edisi Kemas Kini,Farah Diana,Sejarah,2008,Tersedia
BK-00006,Meniti Bukit Harapan Abadi,Siti Aminah,Gaya Hidup,2003,Dipinjam
BK-00007,Kisah Silam Lestari,Aishah Osman,Motivasi,2023,Dipinjam
BK-00008,Strategi Perniagaan Digital Siri 1,Siti Aminah,Teknologi,2009,Diselenggara
BK-00009,Psikologi Manusia Utama,Nurul Huda,Fiksi,2001,Diselenggara
BK-00010,Falsafah Hidup Abadi,Hafizuddin Mustaffa,Perniagaan,2003,Dipinjam
BK-00011,Panduan Pelaburan Bijak Edisi Kemas Kini,Hafizuddin Mustaffa,Sejarah,2005,Dipinjam
BK-00012,Kisah Silam Edisi Kemas Kini,Khairul Anwar,Fiksi,2019,Diselenggara
BK-00013,Lentera Jiwa Edisi Kemas Kini,Nurul Huda,Akademik,2014,Dipinjam
BK-00014,Panduan Pelaburan Bijak Mulia,Ramasamy Govindan,Sejarah,2026,Tersedia
BK-00015,Falsafah Hidup Lestari,Farah Diana,Sains,2002,Tersedia
BK-00016,Sejarah Nusantara Mulia,Ramasamy Govindan,Puisi,2012,Diselenggara
BK-00017,Kembara Kosmos Lestari,Mohd Ridzuan,Perniagaan,2023,Diselenggara
BK-00018,Strategi Perniagaan Digital Edisi Kemas Kini,Lim Wei Keat,Gaya Hidup,2018,Dipinjam
BK-00019,Kisah Silam Mulia,Syarifah Sakinah,Puisi,2002,Tersedia
BK-00020,Seni Berbicara Edisi Kemas Kini,Mohd Ridzuan,Gaya Hidup,2019,Tersedia
BK-00021,Kunci Kebahagiaan Utama,Azman Ali,Teknologi,2008,Diselenggara
BK-00022,Rahsia Sukses Edisi Kemas Kini,Mei Ling,Teknologi,2024,Dipinjam
BK-00023,Dunia yang Hilang Lestari,Farah Diana,Akademik,2014,Tersedia
BK-00024,Panduan Pelaburan Bijak Mulia,Syarifah Sakinah,Fiksi,2020,Dipinjam
BK-00025,Pengurusan Masa Efektif Mulia,Mohd Ridzuan,Sejarah,2024,Tersedia
BK-00026,Strategi Perniagaan Digital Abadi,Lim Wei Keat,Sejarah,2015,Tersedia
BK-00027,Seni Berbicara Lestari,Nurul Huda,Motivasi,2007,Diselenggara
BK-00028,Bulan di Atas Kampus Edisi Kemas Kini,Azman Ali,Fiksi,2024,Diselenggara
BK-00029,Jejak Langkah Edisi Kemas Kini,Azman Ali,Teknologi,2005,Dipinjam
BK-00030,Pengurusan Masa Efektif Siri 5,Nurul Huda,Teknologi,2024,Diselenggara
BK-00031,Meniti Bukit Harapan Siri 3,Ramasamy Govindan,Sejarah,2014,Diselenggara
BK-00032,Kembara Kosmos Mulia,Nurul Huda,Fiksi,2010,Tersedia
BK-00033,Sejarah Nusantara Mulia,Lim Wei Keat,Perniagaan,2000,Tersedia
BK-00034,Misteri Rumah Tua Abadi,Mei Ling,Motivasi,2010,Tersedia
BK-00035,Pengurusan Masa Efektif Lestari,Ramasamy Govindan,Puisi,2006,Diselenggara
BK-00036,Jejak Langkah Utama,Azman Ali,Perniagaan,2025,Dipinjam
BK-00037,Teknologi Masa Depan Abadi,Siti Aminah,Gaya Hidup,2011,Dipinjam
BK-00038,Teknologi Masa Depan Edisi Kemas Kini,Ahmad Faisal,Fiksi,2001,Dipinjam
BK-00039,Dunia yang Hilang Mulia,Nurul Huda,Perniagaan,2017,Dipinjam
BK-00040,Jejak Langkah Mulia,Khairul Anwar,Puisi,2007,Tersedia
BK-00041,Kembara Kosmos Abadi,Ahmad Faisal,Teknologi,2026,Tersedia
BK-00042,Bulan di Atas Kampus Mulia,Farah Diana,Puisi,2015,Tersedia
BK-00043,Kunci Kebahagiaan Mulia,Farah Diana,Motivasi,2012,Dipinjam
BK-00044,Kembara Kosmos Siri 3,Abdul Rahman,Teknologi,2021,Diselenggara
BK-00045,Puisi Cinta Kehidupan Mulia,Khairul Anwar,Perniagaan,2001,Diselenggara
BK-00046,Strategi Perniagaan Digital Edisi Kemas Kini,Zulkifli Mansor,Motivasi,2001,Diselenggara
BK-00047,Puisi Cinta Kehidupan Utama,Mohd Ridzuan,Motivasi,2016,Tersedia
BK-00048,Lentera Jiwa Utama,Siti Aminah,Perniagaan,2012,Tersedia
BK-00049,Sejarah Nusantara Utama,Lim Wei Keat,Motivasi,2019,Tersedia
BK-00050,Teknologi Masa Depan Utama,Syarifah Sakinah,Sejarah,2008,Tersedia
BK-00051,Dunia yang Hilang Lestari,Farah Diana,Akademik,2021,Diselenggara
BK-00052,Resipi Bonda Lestari,Mei Ling,Fiksi,2000,Dipinjam
BK-00053,Psikologi Manusia Abadi,Siti Aminah,Teknologi,2006,Diselenggara
BK-00054,Panduan Pelaburan Bijak Lestari,Mei Ling,Fiksi,2007,Dipinjam
BK-00055,Resipi Bonda Siri 2,Hafizuddin Mustaffa,Teknologi,2022,Dipinjam
BK-00056,Psikologi Manusia Abadi,Ramasamy Govindan,Teknologi,2009,Diselenggara
BK-00057,Seni Berbicara Lestari,Siti Aminah,Fiksi,2023,Diselenggara
BK-00058,Jejak Langkah Lestari,Lim Wei Keat,Perniagaan,2022,Dipinjam
BK-00059,Meniti Bukit Harapan Utama,Azman Ali,Sains,2001,Tersedia
BK-00060,Teknologi Masa Depan Abadi,Ahmad Faisal,Sejarah,2024,Tersedia
BK-00061,Panduan Pelaburan Bijak Edisi Kemas Kini,Azman Ali,Teknologi,2022,Dipinjam
BK-00062,Strategi Perniagaan Digital Abadi,Siti Aminah,Akademik,2017,Tersedia
BK-00063,Kisah Silam Utama,Mohd Ridzuan,Gaya Hidup,2004,Tersedia
BK-00064,Resipi Bonda Abadi,Mei Ling,Sejarah,2006,Diselenggara
BK-00065,Falsafah Hidup Lestari,Aishah Osman,Teknologi,2013,Diselenggara
BK-00066,Jejak Langkah Mulia,Aishah Osman,Akademik,2013,Tersedia
BK-00067,Lentera Jiwa Siri 3,Aishah Osman,Perniagaan,2008,Tersedia
BK-00068,Seni Berbicara Abadi,Hafizuddin Mustaffa,Puisi,2007,Tersedia
BK-00069,Kembara Kosmos Lestari,Hafizuddin Mustaffa,Perniagaan,2007,Tersedia
BK-00070,Meniti Bukit Harapan Lestari,Khairul Anwar,Fiksi,2024,Dipinjam
BK-00071,Kisah Silam Siri 5,Ramasamy Govindan,Teknologi,2010,Tersedia
BK-00072,Seni Berbicara Mulia,Lim Wei Keat,Sains,2001,Tersedia
BK-00073,Psikologi Manusia Lestari,Abdul Rahman,Sejarah,2013,Diselenggara
BK-00074,Pengurusan Masa Efektif Siri 1,Mei Ling,Misteri,2006,Dipinjam
BK-00075,Misteri Rumah Tua Abadi,Syarifah Sakinah,Teknologi,2021,Diselenggara
BK-00076,Meniti Bukit Harapan Siri 3,Siti Aminah,Sejarah,2019,Dipinjam
BK-00077,Seni Berbicara Utama,Khairul Anwar,Gaya Hidup,2010,Dipinjam
BK-00078,Resipi Bonda Mulia,Nurul Huda,Gaya Hidup,2021,Dipinjam
BK-00079,Lentera Jiwa Utama,Khairul Anwar,Gaya Hidup,2017,Tersedia
BK-00080,Resipi Bonda Mulia,Farah Diana,Misteri,2019,Diselenggara
BK-00081,Dunia yang Hilang Siri 4,Azman Ali,Perniagaan,2016,Dipinjam
BK-00082,Lentera Jiwa Lestari,Syarifah Sakinah,Misteri,2010,Tersedia
BK-00083,Falsafah Hidup Mulia,Aishah Osman,Perniagaan,2004,Tersedia
BK-00084,Misteri Rumah Tua Siri 2,Lim Wei Keat,Fiksi,2014,Dipinjam
BK-00085,Sejarah Nusantara Edisi Kemas Kini,Abdul Rahman,Gaya Hidup,2015,Dipinjam
BK-00086,Falsafah Hidup Edisi Kemas Kini,Abdul Rahman,Motivasi,2024,Tersedia
BK-00087,Teknologi Masa Depan Mulia,Aishah Osman,Teknologi,2014,Tersedia
BK-00088,Strategi Perniagaan Digital Abadi,Azman Ali,Akademik,2025,Dipinjam
BK-00089,Pengurusan Masa Efektif Utama,Zulkifli Mansor,Puisi,2019,Diselenggara
BK-00090,Pengurusan Masa Efektif Utama,Azman Ali,Akademik,2023,Dipinjam
BK-00091,Kembara Kosmos Mulia,Hafizuddin Mustaffa,Sains,2024,Diselenggara
BK-00092,Puisi Cinta Kehidupan Lestari,Azman Ali,Fiksi,2022,Dipinjam
BK-00093,Falsafah Hidup Lestari,Zulkifli Mansor,Teknologi,2002,Tersedia
BK-00094,Jejak Langkah Siri 2,Abdul Rahman,Akademik,2022,Tersedia
BK-00095,Bulan di Atas Kampus Siri 4,Zulkifli Mansor,Teknologi,2014,Dipinjam
BK-00096,Kisah Silam Edisi Kemas Kini,Nurul Huda,Puisi,2000,Diselenggara
BK-00097,Sejarah Nusantara Siri 4,Ahmad Faisal,Sejarah,2009,Dipinjam
BK-00098,Teknologi Masa Depan Edisi Kemas Kini,Abdul Rahman,Teknologi,2025,Diselenggara
BK-00099,Falsafah Hidup Mulia,Khairul Anwar,Gaya Hidup,2015,Tersedia
BK-00100,Kunci Kebahagiaan Edisi Kemas Kini,Ramasamy Govindan,Gaya Hidup,2023,Tersedia
